JPEG_20161125_162557_1000519993413.png,0,640,5,480
1472449545581DSC_1684.png,28,601,44,456
1479736199462DSC_1469.png,77,575,100,436
1474001574137DSC_6689.png,51,640,101,371
147437283614311473666515772-Roadster-Men-Teal-Printed-Round-Neck-T-Shirt-9221473666515706-1.png,1,640,55,436
147771782255320161028_161035.png,15,610,55,346
JPEG_20160607_152007_1000362479382.png,107,552,125,350
JPEG_20161126_203313_1000850409277.png,185,427,16,432
JPEG_20160527_172505_1000353697765.png,135,466,155,460
JPEG_20161201_135113_100062804286.png,142,473,96,388
JPEG_20161028_121752_10003102030.png,134,546,161,349
JPEG_20160630_135617_1000228435753.png,106,421,163,326
1476792732967DSC_6557.png,0,400,0,480
1478950538265eMazingShawls3514.png,21,613,136,331
1474711764670DSC07407.png,9,610,108,360
JPEG_20161028_133115_1000367298696.png,109,551,181,377
1472040840288m_lone_peak_25_steel_04.png,19,593,95,394
JPEG_20160701_155433_1000632851768.png,133,577,91,415
1480333694712_R2A3572.png,228,431,85,454
1472042935928w_molokini_ii_blk_grl_06.png,88,544,165,372
JPEG_20160627_135904_1000538737466.png,159,555,174,350
JPEG_20160607_173322_1000109322396.png,147,442,105,388
147753488217420161026_121450.png,49,555,122,342
1474279689599TOP892742.png,59,586,96,378
JPEG_20160704_121756_1000948471571.png,42,603,155,324
JPEG_20161117_130623_1000655812451.png,168,415,0,480
1467738655194DSC_0505.png,297,488,144,332
1467740672490DSC_0380.png,23,640,78,355
JPEG_20160630_122130_1000439259146.png,120,551,70,417
JPEG_20160624_115709_100028616093.png,140,361,68,395
JPEG_20161118_172240_1000511288606.png,171,509,135,327
JPEG_20161126_162918_1000370097421.png,75,546,123,375
JPEG_20160526_124214_1000260810852.png,145,440,113,379
1473747958387IMG_0496.png,93,581,127,353
147742613332620161025_160317.png,78,592,41,449
1474716285255DSC07746.png,214,416,96,406
JPEG_20160627_153651_1000502016888.png,124,521,62,410
147772087764220161028_154230.png,40,636,194,385
1472628633223w_peg_33_black_white_03.png,91,551,113,419
147742487888220161025_164332.png,99,503,53,349
JPEG_20161121_190335_1000277664378.png,107,529,116,340
JPEG_20161124_175116_100040544016.png,149,514,66,457
1474634217154DSC06059.png,55,640,14,480
JPEG_20160624_110926_1000654855992.png,110,587,146,337
1472628370021w_superfeet_outside_storm_06.png,19,634,96,403
1472634671622DSC_2379.png,34,615,86,392
1469441289216DSC_0144.png,173,418,155,261
1472287515240DSC_1716.png,0,562,65,441
